Workbook

Sheet 使用说明
A1: AI 知识库办公平台 · 开发计划任务跟踪表
A3: 配套文件：《AI 知识库办公平台 · 开发计划》（HTML）。两文件任务编号一致，可对照使用。
A5: 工作表说明
A6: · 任务总表：全部 43 项任务（阶段 0–6 共 39 项 + 横向 4 项），可逐项填写状态与负责人。
A7: · 阶段概览：按阶段汇总任务数与估算人日；人数与人日由公式实时取自「任务总表」，改任务即自动更新。
A8: · 里程碑：M0–M6 的完成标志（可验收）与对应阶段门（Gate）。
A10: 填写说明
A11: · 状态列可在下拉框中选择：未开始 / 进行中 / 已完成 / 已验收。
A12: · 验收以「里程碑完成标志」为准：不因「代码写完」判定完成，须实际操作验证通过。
A13: · 估算人日为规划参考值，非工期承诺；实施主体确定后可在「负责人」列补齐分工。
A14: · 阶段之间为强依赖，默认顺序推进；横向工作随阶段并行插入。
A16: 推进建议
... A18: · 建议把本表任务录入平台自身的任务模块，用「任务中心 + 综合看板」管理这 40 项任务。

Sheet 任务总表
A1: 序号 | B1: 任务编号 | C1: 阶段 | D1: 里程碑 | E1: 任务名称 | F1: 前置依赖 | G1: 交付物与验收标准 | H1: 估算人日 | I1: 状态 | J1: 负责人 | K1: 备注
A2: 1 | B2: T0.1 | C2: 阶段 0 | D2: M0 | E2: 初始化代码仓库与目录结构 | F2: — | G2: backend / frontend / storage 目录落地，可按设计文档目录结构对应 | H2: 1 | I2: 未开始
A3: 2 | B3: T0.2 | C3: 阶段 0 | D3: M0 | E3: 编写 Docker Compose（PostgreSQL + pgvector） | F3: T0.1 | G3: 一条命令可拉起含 pgvector 的数据库并连通 | H3: 1 | I3: 未开始
A4: 3 | B4: T0.3 | C4: 阶段 0 | D4: M0 | E4: 搭建 FastAPI 后端脚手架 | F4: T0.1 | G4: 配置、日志、健康检查接口可用 | H4: 1 | I4: 未开始
A5: 4 | B5: T0.4 | C5: 阶段 0 | D5: M0 | E5: 搭建 React + TS + Vite 前端脚手架 | F5: T0.1 | G5: Ant Design 接入，页面可启动访问 | H5: 1 | I5: 未开始
A6: 5 | B6: T0.5 | C6: 阶段 0 | D6: M0 | E6: 接入数据库迁移框架（Alembic） | F6: T0.2, T0.3 | G6: 迁移可执行、可回滚，空库可初始化 | H6: 0.5 | I6: 未开始
A7: 6 | B7: T0.6 | C7: 阶段 0 | D7: M0 | E7: 大模型连通性验证（Provider 抽象层雏形） | F7: T0.3 | G7: 能成功调用一次本地或云端模型并返回结果 | H7: 0.5 | I7: 未开始
A8: 7 | B8: T1.1 | C8: 阶段 1 | D8: M1 | E8: 落地核心数据模型（人员/企业/业务/会议/文件/记事/标签） | F8: T0.5 | G8: 表结构迁移可执行，字段与开发文档第 3 章一致 | H8: 2 | I8: 未开始
A9: 8 | B9: T1.2 | C9: 阶段 1 | D9: M1 | E9: 文件上传与对象存储管理 | F9: T1.1 | G9: 文件可上传、查看、下载；路径写入 document 表 | H9: 2 | I9: 未开始
A10: 9 | B10: T1.3 | C10: 阶段 1 | D10: M1 | E10: 各类信息录入表单（人员/企业/业务/会议/记事） | F10: T1.1 | G10: 五类信息均可新增与编辑，表单校验有效 | H10: 3 | I10: 未开始
A11: 10 | B11: T1.4 | C11: 阶段 1 | D11: M1 | E11: 列表、检索与详情页 | F11: T1.3 | G11: 各类信息可列表、按关键词检索、查看详情 | H11: 2 | I11: 未开始
A12: 11 | B12: T1.5 | C12: 阶段 1 | D12: M1 | E12: 实体关联与引用（会议↔人员、业务↔企业等） | F12: T1.4 | G12: 可建立并查看关联，关联关系可持久化 | H12: 1 | I12: 未开始
A13: 12 | B13: T1.6 | C13: 阶段 1 | D13: M1 | E13: 后端接口与前端联调收口 | F13: T1.1–T1.5 | G13: 前后端联调通过；重启后数据不丢失 | H13: 2 | I13: 未开始
... A44: 43 | B44: X4 | C44: 横向 | D44: 全程 | E44: 使用说明与运维文档 | F44: 随阶段推进 | G44: 部署、使用、备份说明齐备 | H44: 1.5 | I44: 未开始
A45: 合计（全部 43 项任务） | H45: =SUM(H2:H44) -> 82 | I45: =COUNTIF(I2:I44,"已验收")&" / 43 已验收" -> 0 / 43 已验收

Sheet 阶段概览
A1: 阶段 | B1: 阶段名称 | C1: 里程碑 | D1: 任务数 | E1: 估算人日 | F1: 占比 | G1: 阶段门（准出条件）
A2: 阶段 0 | B2: 环境与工程脚手架 | C2: M0 | D2: =COUNTIF(任务总表!$C$2:$C$44,A2) -> 6 | E2: =SUMIF(任务总表!$C$2:$C$44,A2,任务总表!$H$2:$H$44) -> 5 | F2: =IF($E$10=0,0,E2/$E$10) -> 0.06097561 | G2: G0 → 阶段 1：本地可一键启动全套服务；数据库迁移可执行；大模型调用连通
A3: 阶段 1 | B3: 数据底座（数据库 + 存储 + 录入） | C3: M1 | D3: =COUNTIF(任务总表!$C$2:$C$44,A3) -> 6 | E3: =SUMIF(任务总表!$C$2:$C$44,A3,任务总表!$H$2:$H$44) -> 12 | F3: =IF($E$10=0,0,E3/$E$10) -> 0.14634146 | G3: G1 → 阶段 2：六类信息与文件均能录入、查询、关联；文件存取正常
A4: 阶段 2 | B4: 知识库与 RAG 问答 | C4: M2 | D4: =COUNTIF(任务总表!$C$2:$C$44,A4) -> 8 | E4: =SUMIF(任务总表!$C$2:$C$44,A4,任务总表!$H$2:$H$44) -> 18 | F4: =IF($E$10=0,0,E4/$E$10) -> 0.2195122 | G4: G2 → 阶段 3：解析→向量化→检索→生成链路打通；问答带来源；无依据不编造
A5: 阶段 3 | B5: 任务梳理 | C5: M3 | D5: =COUNTIF(任务总表!$C$2:$C$44,A5) -> 5 | E5: =SUMIF(任务总表!$C$2:$C$44,A5,任务总表!$H$2:$H$44) -> 10 | F5: =IF($E$10=0,0,E5/$E$10) -> 0.12195122 | G5: G3 → 阶段 4：任务抽取有候选确认环节；任务状态流转与看板拖拽可用
A6: 阶段 4 | B6: 综合看板（P0 收口） | C6: M4 | D6: =COUNTIF(任务总表!$C$2:$C$44,A6) -> 5 | E6: =SUMIF(任务总表!$C$2:$C$44,A6,任务总表!$H$2:$H$44) -> 10 | F6: =IF($E$10=0,0,E6/$E$10) -> 0.12195122 | G6: G4 → 阶段 5：M4 综合看板闭环成立；备份机制已就位
A7: 阶段 5 | B7: 文档与 PPT 生成 | C7: M5 | D7: =COUNTIF(任务总表!$C$2:$C$44,A7) -> 5 | E7: =SUMIF(任务总表!$C$2:$C$44,A7,任务总表!$H$2:$H$44) -> 9 | F7: =IF($E$10=0,0,E7/$E$10) -> 0.1097561 | G7: G5 → 阶段 6：Word 与 PPT 均可导出、下载、归档
A8: 阶段 6 | B8: 流程审查与数据分析 | C8: M6 | D8: =COUNTIF(任务总表!$C$2:$C$44,A8) -> 4 | E8: =SUMIF(任务总表!$C$2:$C$44,A8,任务总表!$H$2:$H$44) -> 10 | F8: =IF($E$10=0,0,E8/$E$10) -> 0.12195122 | G8: G6 → 验收交付：流程异常可识别；全量备份与恢复演练通过
A9: 横向 | B9: 横向工作（贯穿全程） | C9: — | D9: =COUNTIF(任务总表!$C$2:$C$44,A9) -> 4 | E9: =SUMIF(任务总表!$C$2:$C$44,A9,任务总表!$H$2:$H$44) -> 8 | F9: =IF($E$10=0,0,E9/$E$10) -> 0.097560976 | G9: 随阶段插入：备份（M4 前）／安全（阶段 1+）／测试与文档（全程）
A10: 总计（全部任务） | D10: =SUM(D2:D9) -> 43 | E10: =SUM(E2:E9) -> 82 | F10: =SUM(F2:F9) -> 1 | G10: ="估算总工作量 "&E10&" 人日，为规划参考值而非工期承诺" -> 估算总工作量 82 人日，为规划参考值而非工期承诺

Sheet 里程碑
A1: 里程碑 | B1: 名称 | C1: 对应阶段 | D1: 完成标志（可验收） | E1: 状态
A2: M0 | B2: 工程就绪 | C2: 阶段 0 | D2: docker compose up 后前端可访问、后端健康检查通过、能成功调用一次大模型 | E2: 未达成
A3: M1 | B3: 数据底座可用 | C3: 阶段 1 | D3: 各类信息可新增/查询/修改/关联；文件可上传下载；重启后数据不丢失 | E3: 未达成
A4: M2 | B4: 知识库问答可用 | C4: 阶段 2 | D4: 对已录入文件提问能返回带来源的答案；无依据时明确说明「知识库中无相关信息」 | E4: 未达成
A5: M3 | B5: 任务梳理可用 | C5: 阶段 3 | D5: 从一份会议纪要能抽出合理候选任务，确认后落入任务列表并可拖拽变更状态 | E5: 未达成
A6: M4 | B6: P0 闭环达成 | C6: 阶段 4 | D6: 仅在看板内即可完成：存取文件、调取数据、发起对话、查看/生成/完成任务 | E6: 未达成
A7: M5 | B7: 文档与 PPT 生成 | C7: 阶段 5 | D7: 基于知识库生成结构完整、可下载的 Word 与 PPT，内容带来源可核对 | E7: 未达成
A8: M6 | B8: 流程审查与数据分析 | C8: 阶段 6 | D8: 能识别流程异常环节并在看板标出；业务数据可按维度统计并图表化 | E8: 未达成
